{
	"CZCE":
	{
		"ZC909":"动力煤",
		"OI909":"菜油",
		"CF909":"棉花",
		"SR909":"白糖",
		"MA909":"甲醇",
		"TA909":"PTA"
	},
	"SHFE":
	{
		"RB1910":"螺纹钢",
		"HC1910":"热卷",
		"CU1909":"沪铜",
		"AL1909":"沪铝",
		"ZN1909":"沪锌",
		"NI1909":"沪镍",
		"AU1912":"沪金",
		"AG1912":"沪银",
		"RU1909":"橡胶",
		"BU1912":"沥青"
	},
	"DCE":
	{
		"JM1909":"焦煤",
		"J1909":"焦炭",
		"I1909":"铁矿石",
		"Y1909":"豆油",
		"P1909":"棕榈",
		"M1909":"豆粕",
		"JD1909":"鸡蛋",
		"C1909":"玉米",
		"CS1909":"玉米淀粉",
		"A1909":"豆一",
		"L1909":"聚乙烯",
		"PP1909":"聚丙烯",
		"V1909":"聚氯乙烯"
	},
	"INE":
	{
		"SC1909":"原油"
	}



}






